"NAME","POS","AGE","YRS","DOLLARS","YEAR","G","GS","IP","SV","WERA","WWHip","SO9","SO","W","AS"
"Gerrit Cole","SP","29","9","324000000","2019","98","98","615.2",NA,"2.60078023407022","0.860039383726691","11.7","798","47","3"
"Stephen Strasburg","SP","31","7","245000000","2019","83","83","514.1",NA,"3.06360630227582","1.04238078105611","10.7","611","43","3"
"David Price","SP","30","7","217000000","2015","93","93","655.1",NA,"2.2973591818043","0.827205006403149","8.9","647","43","5"
"Max Scherzer","SP","29","7","210000000","2014","97","97","622.1",NA,"2.60408294486417","0.912124881213822","10.5","723","55","4"
"Zack Greinke","SP","32","6","206500000","2015","92","92","602.2",NA,"1.90966456326802","0.853452099304653","8.3","555","51","4"
"Jon Lester","SP","30","6","155000000","2014","98","98","638.1",NA,"2.86005328318445","0.98484273007148","7.9","563","40","4"
"Zack Greinke","SP","28","6","147000000","2012","95","95","604",NA,"3.1705298013245","1.00598657953599","8.7","582","41","2"
"Patrick Corbin","SP","29","6","140000000","2018","102","89","545.2","1","3.68672046955246","1.21449437470428","9.2","555","30","2"
"Johnny Cueto","SP","30","6","130000000","2015","77","77","516.1",NA,"2.72234063166053","1.00991439342383","8.2","469","36","2"
"Yu Darvish","SP","31","6","126000000","2017","48","48","287",NA,"6.44599303135889","1.99711056344013","10.7","341","17","4"
"Cliff Lee","SP","31","5","120000000","2010","93","93","667.1",NA,"2.23354819367411","0.841530654602315","7.2","536","48","3"
"Zack Wheeler","SP","29","5","118000000","2019","77","77","465.1",NA,"4.2248978714255","1.35911013604461","8.8","455","26","0"
"Jordan Zimmermann","SP","29","5","110000000","2015","97","97","614.2",NA,"2.59687398241615","0.913207778441425","7.4","507","46","2"
"Jeff Samardzija","SP","31","5","90000000","2015","98","98","647.1",NA,"3.16025343841756","0.954056256745112","8","579","26","1"
"Aroldis Chapman","RP","28","5","86000000","2016","178","0","178.1","105","4.82874789444133","2.69549341874002","15.7","312","8","5"
"Madison Bumgarner","SP","30","5","85000000","2019","72","72","448.1",NA,"3.98348582905601","1.28490144681397","8.3","413","19","4"
"Anibal Sanchez","SP","27","5","80000000","2012","95","95","587",NA,"3.15161839863714","1.1042780981458","8.1","526","30","0"
"Wei-Yin Chen","RP","30","5","80000000","2015","85","85","514",NA,"3.51167315175097","1.21500704022771","6.9","393","34","0"
"Mike Leake","SP","28","5","80000000","2015","94","94","598.2",NA,"3.00066867268472","1.02139696700712","6.1","405","36","0"
"Kenley Jansen","RP","29","5","80000000","2016","193","0","186.1","127","6.23320795271359","2.32435861417408","13.8","285","7","3"
"Hyun Jin Ryu","SP","32","4","80000000","2019","69","68","391.2","1","3.46370143149284","1.43755671814688","8.5","368","26","0"
"C.J. Wilson","SP","30","5","77500000","2011","141","67","501","14","3.08383233532934","1.22907876861048","8.3","460","36","1"
"James Shields","SP","32","4","75000000","2014","101","101","683.1",NA,"2.4081393646611","0.875434162304122","7.9","599","42","1"
"Jake Arrieta","SP","31","3","75000000","2017","94","94","594.2",NA,"2.28037697744867","0.87375540128116","8.9","589","54","1"
"Ian Kennedy","RP","31","5","70000000","2015","94","94","551",NA,"3.85662431941924","1.2005889308665","8.9","544","29","0"
"Nathan Eovaldi","SP","29","4","67500000","2018","46","42","235.2",NA,"9.18367346938776","2.60308204914619","7.6","198","15","0"
"Mark Melancon","RP","31","4","62000000","2016","225","0","219","131","4.40639269406393","2.05375200683889","8.1","198","8","3"
"Mark Buehrle","SP","31","4","58000000","2011","97","97","629",NA,"3.10810810810811","1.04640317863922","4.5","313","39","1"
"Alex Cobb","SP","30","4","57000000","2017","34","34","201.1",NA,"10.4425658876181","3.18981553717112","6.4","144","13","0"
"Dallas Keuchel","SP","32","3","55500000","2019","76","76","463",NA,"3.75809935205184","1.366802102916","7.2","369","34","2"
"Ervin Santana","SP","31","4","55000000","2014","93","93","585",NA,"3.47008547008547","1.05632259478413","7.3","473","32","1"
"Edwin Jackson","SP","28","4","52000000","2012","95","94","598.2",NA,"3.42694750919425","1.13178049695727","7.5","497","32","1"
"Wade Davis","RP","32","3","52000000","2017","173","0","169.1","76","4.87876995860438","2.95508170888354","10.8","204","14","3"
"Jonathan Papelbon","RP","30","4","50000058","2011","194","0","199.1","106","7.25765946760422","2.81275786241502","10.8","239","10","3"
"Matt Garza","SP","29","4","50000000","2013","73","73","457",NA,"3.96061269146608","1.34786376760243","8.4","429","25","0"
"Ricky Nolasco","RP","30","4","49000000","2013","98","97","596.1",NA,"3.59838953195772","1.11162639919641","6.6","438","35","0"
"Ubaldo Jimenez","SP","29","4","48000000","2013","95","95","547.2",NA,"4.06615497076023","1.32252231455833","8.5","517","32","1"
"Brandon McCarthy","SP","30","4","48000000","2014","72","72","446",NA,"4.48430493273543","1.44784733254238","6.5","324","23","0"
"Scott Kazmir","SP","32","3","48000000","2015","92","92","531.1",NA,"3.33270570514027","1.15398028718049","8.1","481","32","2"
"Rich Hill","SP","36","3","48000000","2016","39","23","144.2",NA,"7.10818307905687","3.41450558920901","10.8","174","14","0"
"David Robertson","RP","28","4","46000000","2014","198","0","191.1","44","6.77655677655678","2.84781625889498","11.9","254","11","1"
"Francisco Liriano","RP","30","3","39000000","2014","89","83","480.2",NA,"4.05039566847147","1.38122720975104","9.5","505","29","0"
"Zack Britton","RP","31","3","39000000","2018","148","0","145","69","6.41379310344828","3.90011890606421","8.5","137","6","0"
"Will Smith","RP","30","3","39000000","2019","117","0","118.1","48","11.2616426756986","4.26596384613565","12.7","167","8","1"
"Tyler Chatwood","RP","28","3","38000000","2017","60","52","305.2","1","6.9954128440367","2.30817855296314","7","237","20","0"
"Andrew Miller","RP","28","4","36000000","2014","163","0","133.1","1","9.65439519158527","3.95131751037644","13.6","202","9","1"
"J.A. Happ","SP","33","3","36000000","2015","80","75","422.2",NA,"4.79630506868783","1.58482748437556","7.7","361","27","0"
"Rafael Soriano","RP","30","3","35000000","2010","155","0","152","75","7.99342105263158","3.15962603878116","10.4","175","4","1"
"J.A. Happ","SP","36","2","34000000","2018","88","88","518",NA,"3.32046332046332","1.15531968813822","8.7","498","47","1"
"Drew Pomeranz","SP","31","4","34000000","2019","104","61","351.2","2","6.19305239179954","2.08364682624104","9.6","377","21","1"
"Jason Vargas","SP","30","4","32000000","2013","89","89","568.1",NA,"3.55571202253124","1.12785119775783","6","381","33","0"
"John Lackey","SP","37","2","32000000","2015","93","93","605.1",NA,"2.76813749793423","1.00233237554603","7.4","500","37","0"
"Darren O'Day","RP","33","4","31000000","2015","204","0","196","12","4.56632653061224","2.39483548521449","9.8","214","16","1"
"Brett Cecil","RP","30","4","30500000","2016","183","0","144.1","10","10.1665510062457","4.14162229271542","11.9","191","8","1"
"Mariano Rivera","RP","40","2","30000000","2010","191","0","197","116","4.16243654822335","2.02272668710866","8.9","194","12","4"
"Scott Feldman","SP","30","3","30000000","2013","70","53","337.1",NA,"6.40759418570157","1.85239924422111","6.7","250","20","0"
"Jeurys Familia","RP","29","3","30000000","2018","174","0","174.1","75","8.75933371625502","3.59607677920847","9.9","192","13","1"
"Lance Lynn","SP","31","3","30000000","2018","64","62","343",NA,"5.88921282798834","1.9889671820415","8.2","314","21","1"
"Charlie Morton","SP","35","2","30000000","2018","59","59","331",NA,"5.13595166163142","1.78895774956417","10.4","383","30","2"
"Kyle Gibson","SP","32","3","30000000","2019","95","90","515.1",NA,"4.30984274898078","1.37377128031074","8","460","35","0"
"Rafael Soriano","RP","32","2","28000000","2012","175","0","169.1","89","7.39207569485511","3.14742430531974","8.6","162","7","1"
"Mike Minor","SP","30","3","28000000","2017","65","0","77.2","6","16.5155440414508","6.62769470321351","10.2","88","6","1"
"Heath Bell","RP","33","3","27000000","2011","199","0","202.1","132","5.83869371598219","2.86452907509253","9.6","216","15","3"
"Jake McGee","RP","31","3","27000000","2017","158","0","140.1","24","13.0620985010707","4.33054599014368","9.2","144","3","0"
"Bryan Shaw","RP","30","3","27000000","2017","228","0","207.1","6","7.87059391598262","2.97269249699408","8.5","196","9","0"
"Adam Ottavino","RP","33","3","27000000","2018","172","0","158","13","10.6329113924051","3.7854510495113","12","210","9","0"
"Ryan Dempster","SP","34","2","26500000","2012","96","96","590.2",NA,"3.42256862080651","1.1253501073274","8.4","552","37","1"
"Marco Estrada","SP","32","2","26000000","2015","94","67","460.1",NA,"4.05346663768746","1.19985633846077","7.4","376","27","1"
"Ivan Nova","SP","30","3","26000000","2016","53","47","276.2","1","8.65314989138306","2.44473329729373","6.6","202","20","0"
"Jeremy Guthrie","SP","32","3","25000000","2012","99","93","599",NA,"3.57262103505843","1.0841664320891","5.3","350","28","0"
"Joakim Soria","RP","31","3","25000000","2015","146","0","135.2","42","11.0576923076923","4.10306011694268","9.3","140","6","1"
"Joe Kelly","RP","30","3","25000000","2018","147","6","163.2","2","12.2855392156863","4.2426590734333","9.2","168","12","0"
"Andrew Miller","RP","33","2","25000000","2018","163","0","171","16","5.84795321637427","2.56489176156766","13.8","263","16","2"
"Phil Hughes","RP","26","3","24000000","2013","79","75","411.2",NA,"5.89737354085603","1.67075296370876","7.3","333","25","1"
"Jake Peavy","SP","32","2","24000000","2014","87","87","566.1",NA,"3.26797385620915","1.03754117283217","7.5","473","30","1"
"Will Harris","RP","35","3","24000000","2019","175","0","162","6","8.05555555555556","3.08641975308642","9.9","178","12","1"
"Tanner Roark","SP","33","2","24000000","2019","94","91","527",NA,"4.2314990512334","1.26742255940143","8","470","32","0"
"Bronson Arroyo","SP","35","2","23500000","2013","96","96","603",NA,"3.4742951907131","1.02995250392592","5.4","361","35","0"
"Tim Hudson","SP","37","2","23000000","2013","82","82","525.1",NA,"3.38030851266425","1.11884810797345","6.1","355","40","2"
"David Robertson","RP","33","2","23000000","2018","192","0","200.1","56","7.07146426786607","2.68481451428209","11.9","264","22","1"
"Scott Kazmir","SP","29","2","22000000","2013","30","30","159.2",NA,"13.4422110552764","4.26125602888816","9.1","162","10","2"
"Yovani Gallardo","SP","29","2","22000000","2015","96","96","557.1",NA,"3.32076826422545","1.21793884729048","6.6","411","33","1"
"Ryan Madson","RP","35","3","22000000","2015","68","0","63.1","3","16.877971473851","7.6602178515726","8.2","58","1","0"
"Edinson Volquez","SP","33","2","22000000","2016","100","98","582.1",NA,"3.41006699879746","1.16869177439609","6.7","434","36","1"
"Jorge De La Rosa","RP","28","2","21500000","2010","81","75","436.2",NA,"5.1467216872994","1.58984233178837","8.9","434","34","0"
"Jonathan Broxton","RP","27","3","21000000","2012","138","0","133","56","13.2330827067669","5.34230312623664","8.7","128","10","2"
"Brandon Morrow","RP","33","2","21000000","2017","68","5","92.2","2","12.0932754880694","5.7641362500647","7.9","81","9","0"
"Bartolo Colon","SP","39","2","20000000","2013","83","80","507",NA,"3.2741617357002","1.2021054351505","6.1","343","36","1"
"Joe Nathan","RP","38","2","20000000","2013","181","0","173.2","94","8.08314087759815","2.96684072132232","10.1","194","11","4"
"Edinson Volquez","SP","30","2","20000000","2014","97","95","546.1",NA,"3.87291704815968","1.29432384337997","7.5","456","33","1"
"Michael Pineda","SP","31","2","20000000","2019","43","43","242.1",NA,"8.59149111937216","2.49947067523755","8.6","232","19","1"
"Mike Dunn","RP","31","3","19000000","2016","198","0","153.1","1","12.0836054866101","4.2236197615916","10","170","18","0"
"Anibal Sanchez","SP","34","2","19000000","2018","88","67","395.1",NA,"6.27689192609466","1.72961604253472","8.5","374","17","0"
"Luke Gregerson","RP","29","3","18500000","2014","222","0","210.1","16","5.71156592099001","2.46930305167345","8.3","195","13","0"
"Jeremy Affeldt","RP","32","3","18000000","2012","187","0","175","10","8.82857142857143","3.77142857142857","8","155","8","0"
"Jason Hammel","SP","31","2","18000000","2014","76","72","433.2","1","4.54755309325946","1.45740560274672","7.6","367","25","0"
"Tony Sipp","RP","32","3","18000000","2015","172","0","142.2","4","11.3220815752461","3.90686044694484","10.5","167","10","0"
"Tommy Hunter","RP","31","2","18000000","2017","152","0","153","2","10.9477124183007","3.73787859370328","7.9","134","9","0"
"Kelvin Herrera","RP","29","2","18000000","2018","184","0","175.2","55","9.07534246575343","3.27414461750172","9.2","180","7","2"
"Cole Hamels","SP","36","1","18000000","2019","83","83","480.1",NA,"4.08248281607998","1.33624872725563","8.2","436","27","3"
"Hyun Jin Ryu","SP","31","1","17900000","2018","41","40","213.2","1","7.5984990619137","2.92601966285213","8.8","209","12","0"
"Jake Odorizzi","SP","29","1","17800000","2019","90","90","466.2",NA,"4.34362934362934","1.35960560670985","9","467","32","1"
"Jeremy Hellickson","SP","29","1","17200000","2016","72","72","398.2",NA,"5.24861878453039","1.58927125858427","7.4","329","22","0"
"Juan Nicasio","RP","31","2","17000000","2017","181","13","248.2","7","7.65511684125705","2.68654700629383","10","275","16","0"
"Addison Reed","RP","29","2","16750000","2017","212","0","209.2","24","6.35755258126195","2.62769212770858","9.4","218","9","0"
"Joaquin Benoit","RP","32","3","16500000","2010","107","0","105.1","2","13.8439581351094","5.25076475578059","10.1","118","4","0"
"Carl Pavano","SP","34","2","16500000","2010","72","72","454.2",NA,"4.94275649493615","1.42754905000367","5.5","279","35","0"
"Jake Westbrook","SP","32","2","16500000","2010","38","38","237.1",NA,"8.56178827498946","2.76609623417789","5.6","147","11","0"
"Boone Logan","RP","28","3","16500000","2013","205","0","136","1","12.9044117647059","4.81185121107266","10.9","164","17","0"
"Pat Neshek","RP","37","2","16250000","2017","197","0","164","2","8.20121951219512","2.95582986317668","8.9","163","10","2"
"A.J. Burnett","SP","36","1","16000000","2013","94","93","583.2",NA,"3.4122085048011","1.11136513742824","8.7","562","37","1"
"Hiroki Kuroda","SP","38","1","16000000","2013","97","97","623",NA,"2.60032102728732","0.946850145183689","6.9","478","40","0"
"Mike Pelfrey","SP","32","2","16000000","2015","64","64","341",NA,"7.24340175953079","2.26606238336444","5.2","197","11","0"
"Jason Hammel","SP","34","2","16000000","2016","91","90","513.2",NA,"3.58534684333593","1.13336824436589","8.3","474","35","0"
"Brad Ziegler","RP","37","2","16000000","2016","203","0","203","53","6.23152709359606","2.9362517896576","6.6","148","9","0"
"Andrew Cashner","SP","31","2","16000000","2017","87","86","484",NA,"4.40082644628099","1.4684789290349","6.8","363","22","0"
"Jason Vargas","SP","35","2","16000000","2017","44","44","234.2",NA,"8.60375747224595","2.80767567480844","6.6","172","23","1"
"Jordan Lyles","SP","29","2","16000000","2019","101","41","298.1",NA,"8.35290171083529","2.33503905591951","8.6","285","16","0"
"Brett Anderson","SP","28","1","15800000","2015","55","44","269","3","7.34200743494424","2.54971600724147","6.4","191","12","0"
"Joe Smith","RP","28","3","15750000","2013","213","0","197","3","6.14213197969543","2.93746295962277","6.9","152","16","0"
"Brandon McCarthy","SP","28","2","15500000","2012","43","43","281.2",NA,"5.84992887624467","2.09931425773306","6.3","196","17","0"
"Joaquin Benoit","RP","35","2","15500000","2013","205","0","199","28","7.26130653266332","2.70195197090983","9.9","220","13","0"
"Jhoulys Chacin","RP","30","2","15500000","2017","71","58","351",NA,"6.02564102564103","1.91151045851901","7.5","293","21","0"
"Garrett Richards","RP","30","2","15500000","2018","28","28","138.2",NA,"11.0347322720695","4.39808076132872","9.6","148","6","0"
"Scott Downs","RP","33","3","15000000","2010","181","0","178.2","14","6.79012345679012","3.16483200882752","7.5","148","6","0"
"Joe Blanton","RP","31","2","15000000","2012","71","66","408",NA,"5.87009803921569","1.65501249519416","7.4","335","20","0"
"Hiroki Kuroda","SP","37","1","15000000","2012","96","96","618",NA,"2.63754045307443","0.954378357997926","7.1","487","40","0"
"Zach Duke","RP","30","3","15000000","2014","108","1","103.2",NA,"16.4244186046512","6.10314884922781","8.9","102","7","1"
"Sergio Romo","RP","30","2","15000000","2014","198","0","173.2","75","7.76558891454965","2.7834966318024","9.3","180","15","1"
"Shawn Kelley","RP","31","3","15000000","2015","169","0","156.1","4","12.1716848174247","3.91920125447271","11.6","201","9","0"
"Joe Smith","RP","33","2","15000000","2017","183","0","171.1","12","10.1402688486265","3.48417654390865","8.8","168","10","0"
"Joakim Soria","RP","34","2","15000000","2018","195","0","183.1","18","9.91261605679956","3.50478335815515","10.2","207","12","1"
"Wade Miley","SP","33","2","15000000","2019","81","81","405.1",NA,"5.3443594174278","1.81285255792887","7.4","332","27","1"
"Joe Nathan","RP","36","2","14500000","2011","118","0","113.1","61","14.0583554376658","4.53422204085334","10.5","132","4","4"
"Mike Fiers","SP","33","2","14100000","2018","91","88","494",NA,"4.44331983805668","1.33381960038683","7.6","419","31","0"
"Hisashi Iwakuma","SP","30","2","14000000","2012","30","16","125.1","2","12.6298960831335","5.11181781992472","7.3","101","9","1"
"Fernando Rodney","RP","35","2","14000000","2013","183","0","173.1","88","6.90352397458117","3.35406848507239","9.6","184","10","2"
"Charlie Morton","SP","33","2","14000000","2016","53","53","303.2",NA,"6.94261213720317","2.18100159425234","7.1","241","16","1"
"Anthony Swarzak","RP","32","2","14000000","2017","106","0","121.2","2","13.4075907590759","4.66321384613709","10","135","7","0"
"Jesse Crain","RP","28","3","13000000","2010","193","0","182.1","1","10.1592531576057","3.63385133054748","7.7","155","13","0"
"Dan Haren","SP","31","1","13000000","2012","100","99","650",NA,"2.88461538461538","0.912426035502959","7.6","550","40","2"
"Javier Lopez","RP","35","3","13000000","2013","209","0","128.1","9","9.2896174863388","4.90566198709171","7.4","105","12","0"
"Francisco Rodriguez","RP","32","2","13000000","2014","195","0","186.2","57","9.31793770139635","3.15831007624939","9.6","199","10","4"
"Steve Cishek","RP","31","2","13000000","2017","170","0","164","30","8.6890243902439","3.47635336109459","9.1","165","9","0"
"Pat Neshek","RP","33","2","12500000","2014","140","0","127.1","6","8.89063729346971","3.83796127497074","8","113","11","1"
"Bartolo Colon","SP","43","1","12500000","2016","98","95","588.2",NA,"3.31519891193472","1.04197003265283","6.3","415","44","2"
"Tyler Clippard","RP","31","2","12250000","2015","216","0","213","20","5.84507042253521","2.32537635830633","9.3","219","18","2"
"Matt Guerrier","RP","31","3","12000000","2010","229","0","223.2","3","8.01971326164875","2.739960303696","6","148","16","0"
"Bobby Jenks","RP","28","2","12000000","2010","164","0","167.2","86","10.5861244019139","3.72015292690186","7.9","148","7","0"
"Hiroki Kuroda","SP","35","1","12000000","2010","83","82","497",NA,"3.62173038229376","1.18416737851657","6.6","362","28","0"
"Frank Francisco","RP","31","2","12000000","2011","161","0","152.2","44","12.1879106438896","4.07945835153621","10","170","9","0"
"Aaron Harang","SP","32","2","12000000","2011","76","74","444.2",NA,"4.80639351643404","1.61924943455506","7","348","26","0"
"Mike Adams","RP","33","2","12000000","2012","206","0","192.2","3","5.35900104058273","2.73410133608223","9","192","14","0"
"Andy Pettitte","SP","39","1","12000000","2012","33","33","204.1",NA,"7.66780989710926","2.98870700852994","7.5","170","16","1"
"Grant Balfour","RP","35","2","12000000","2013","202","0","199.1","64","6.35359116022099","2.62355890305975","9.2","203","9","1"
"Antonio Bastardo","RP","30","2","12000000","2015","181","0","164","3","9.69512195121951","3.64366448542534","10.5","192","12","0"
"Hisashi Iwakuma","SP","34","1","12000000","2015","81","81","528.1",NA,"3.00132550653285","0.980674755147745","7.7","450","38","1"
"Junichi Tazawa","RP","30","2","12000000","2016","185","0","171.1","3","10.7539450613676","3.65496951174731","9.1","174","9","0"
"Travis Wood","SP","30","2","12000000","2016","162","40","335.1","4","6.40107430617726","2.04823121431347","8.3","311","17","1"
"Lance Lynn","SP","30","1","12000000","2017","64","64","361.2",NA,"4.48504983388704","1.79741086988248","8","320","23","1"
"Chris Young","SP","36","2","11500000","2015","64","47","288.1",NA,"5.90072891357168","2.03008110324607","6","191","23","1"
"J.P. Howell","RP","29","2","11250000","2013","168","0","143","1","11.4335664335664","4.25448677196929","7.7","122","7","0"
"Mike Pelfrey","SP","29","2","11000000","2013","66","65","366",NA,"6.55737704918033","2.05291289677207","5.4","219","12","0"
"Mark Lowe","RP","32","2","11000000","2015","75","0","73.2","1","22.5409836065574","8.95816536773269","9","74","2","0"
"Santiago Casilla","RP","36","2","11000000","2016","183","0","174.1","88","7.69672601952901","3.18368265315246","8.9","172","9","0"
"Daniel Hudson","RP","29","2","11000000","2016","137","1","130.2","9","17.9723502304147","5.30909554248338","9","131","7","0"
"Marc Rzepczynski","RP","31","2","11000000","2016","215","0","128.2","1","13.6505460218409","5.78026241174452","9.3","133","3","0"
"Luke Gregerson","RP","33","2","11000000","2017","188","0","179.2","47","10.2120535714286","3.0517578125","9.8","196","13","0"
"Matt Harvey","SP","29","1","11000000","2018","68","63","340.2",NA,"7.92181069958848","2.13848685336046","7.2","274","16","1"
"Daniel Hudson","RP","32","2","11000000","2019","180","2","180.2","8","9.82241953385128","3.5261104630322","9","181","14","0"
"Brian Fuentes","RP","34","2","10500000","2010","179","0","165.2","102","9.53389830508475","3.60924318017928","9.5","175","6","1"
"Dellin Betances","RP","31","1","10500000","2019","133","0","127","14","10.8661417322835","4.43300886601773","15.4","217","7","4"
"Kevin Gregg","RP","31","2","10000000","2010","207","0","196.1","89","9.94390617032126","3.38055623672319","8.6","187","14","0"
"J.J. Putz","RP","32","2","10000000","2010","135","0","129.2","20","14.5123839009288","5.33169109260129","9.7","140","14","0"
"Chris Capuano","RP","32","2","10000000","2011","57","40","252",NA,"8.71031746031746","2.65337616528093","7.9","222","15","0"
"Hiroki Kuroda","SP","36","1","10000000","2011","84","83","515.2",NA,"3.25116459627329","1.14342316558003","7.1","407","32","0"
"Kevin Correia","SP","31","2","10000000","2012","87","80","470",NA,"5.07446808510638","1.47578089633318","5.4","281","34","1"
"Mariano Rivera","RP","42","1","10000000","2012","134","0","129.2","82","7.23684210526316","3.38472524417947","7.8","113","5","5"
"Dan Haren","SP","32","1","10000000","2013","96","94","584.2","1","3.38925025676138","0.999151336676964","7.5","485","38","2"
"Brian Wilson","RP","30","1","10000000","2013","77","0","70.2","37","19.9430199430199","10.0445613266126","8.8","69","8","3"
"Brett Anderson","SP","26","1","10000000","2014","30","19","123.2","3","15.9496753246753","5.43541280148423","7.3","100","6","0"
"Luke Hochevar","RP","30","2","10000000","2014","90","32","255.2","2","9.1692789968652","2.46441416652745","8","226","13","0"
"John Axford","RP","32","2","10000000","2015","197","0","175.1","35","11.5933752141633","4.33789812853942","9.8","190","13","0"
"Steve Cishek","RP","29","2","10000000","2015","195","0","190.1","77","7.83798001052078","3.26526004060545","9.7","206","10","0"
"Jason Motte","RP","33","2","10000000","2015","86","0","73.1","6","28.5225718194254","9.07626117924025","6.3","51","9","0"
"Andrew Cashner","SP","30","1","10000000","2016","78","77","440.2",NA,"4.66833257610177","1.56624111009803","7.6","370","16","0"
"Jaime Garcia","SP","31","1","10000000","2017","79","77","459",NA,"4.29193899782135","1.40734095623241","7.4","376","25","0"
"Brandon Kintzler","RP","33","2","10000000","2017","133","0","132.2","46","12.3298033282905","4.74914229345809","5.5","81","4","1"
"Yusmeiro Petit","RP","33","2","10000000","2017","138","3","229.1","6","7.7040593627237","2.46728654303815","8.2","209","9","0"
"Michael Pineda","SP","29","2","10000000","2017","76","76","432.2",NA,"5.2753354928274","1.49360128361914","9.5","455","26","1"
"CC Sabathia","SP","37","1","10000000","2017","86","86","495.2",NA,"4.15993537964459","1.35386952221129","7.4","409","29","0"
"Drew Smyly","SP","28","2","10000000","2017","42","42","242",NA,"9.0702479338843","2.56983812581108","9.1","244","12","0"
"Justin Wilson","RP","31","2","10000000","2018","202","0","171.1","14","10.7539450613676","3.94531755707303","11.2","214","12","0"
"Rick Porcello","SP","31","1","10000000","2019","98","98","569",NA,"4.2091388400703","1.16135050237675","8.1","514","42","0"
"Blake Treinen","RP","31","1","10000000","2019","197","0","214.2","70","7.04948646125117","2.90966059626465","9.8","233","18","1"
"Edward Mujica","RP","28","2","9500000","2013","202","0","206","39","7.11165048543689","2.48609671034028","6.8","156","11","1"
"Justin Masterson","SP","28","1","9500000","2014","94","88","528.2",NA,"4.36387731919727","1.32977179108862","8","470","32","1"
"Josh Lindblom","SP","32","3","9125000","2019","4","0","10.1",NA,"388.118811881188","102.931085187727","8.7","10",NA,"0"
"Bruce Chen","SP","33","2","9000000","2011","75","57","357.2","1","5.99104143337066","1.93586047508994","6","240","25","0"
"Tony Watson","RP","32","3","9000000","2017","218","0","209.2","26","6.57265774378585","2.69624061799663","7.4","173","13","1"
"Trevor Cahill","SP","30","1","9000000","2018","92","35","259.2",NA,"7.48456790123457","2.612204218107","8.8","253","15","1"
"Kevin Gausman","SP","29","1","9000000","2019","96","82","472.2",NA,"4.88140618382042","1.48672815935788","8.4","441","24","0"
"Craig Stammen","RP","35","2","9000000","2019","209","0","241.1","4","6.34591455827458","2.34821701516329","8.8","235","18","0"
"Julio Teheran","SP","29","1","9000000","2019","96","96","538.2",NA,"3.79970271274619","1.19968553393981","7.9","475","30","2"
"Ryan Madson","RP","30","1","8500000","2011","196","0","191","47","7.27748691099476","3.0152682218141","9.6","204","15","0"
"A.J. Burnett","SP","37","1","8500000","2014","95","95","607",NA,"3.15485996705107","1.06391929412212","8.6","579","34","1"
"Kris Medlen","SP","28","2","8500000","2014","82","43","335","1","3.6865671641791","1.63510804188015","7.4","277","25","0"
"Hector Rondon","RP","29","2","8500000","2017","187","0","178.1","48","8.50645704660303","2.99499268748891","9.9","196","12","0"
"Cody Allen","RP","30","1","8500000","2018","206","0","202.1","89","8.36219693221178","2.90125380682448","11.5","259","10","0"
"Grant Balfour","RP","32","2","8100000","2010","181","0","181","8","8.23204419889503","3.11345807515033","10.3","207","13","0"
"Kevin Correia","SP","29","2","8000000","2010","86","78","453",NA,"5.41942604856512","1.61055314338065","6.4","323","25","1"
"Pedro Feliciano","RP","33","2","8000000","2010","266","0","175.1","2","9.82295830953741","4.04435614991645","8.5","165","12","0"
"Hisanori Takahashi","RP","34","2","8000000","2010","53","12","122","8","14.7950819672131","5.34130610051062","8.4","114","10","0"
"Sean Burnett","RP","29","2","8000000","2012","212","0","176.1","9","7.83645655877342","3.49873481234689","7.8","152","7","0"
"Joakim Soria","RP","27","2","8000000","2012","126","0","126","71","11.3492063492063","4.5981355505165","9.4","131","6","1"
"Josh Johnson","SP","29","1","8000000","2013","56","56","333",NA,"6.00600600600601","1.97945693441189","8.2","304","13","2"
"Jason Grilli","RP","37","2","8000000","2014","180","0","162.2","47","9.89519112207152","3.64896361831232","12.2","221","2","1"
"R.A. Dickey","SP","42","1","8000000","2016","97","96","599.2",NA,"3.32943925233645","1.0486278099326","6.4","425","35","1"
"Jesse Chavez","RP","35","2","8000000","2018","162","21","300.1","5","7.09763412195935","2.12635996820342","8.2","274","14","0"
"CC Sabathia","SP","38","1","8000000","2018","86","86","481.1",NA,"3.90771149449179","1.3544620191352","7.7","412","32","0"
"Joe Smith","RP","35","2","8000000","2019","143","0","124.2","1","12.8019323671498","4.08410931410301","10","139","9","0"
"Randy Choate","RP","36","3","7500000","2012","219","0","108","1","15.0462962962963","5.57270233196159","9.1","109","5","0"
"Jonathan Broxton","RP","31","2","7500000","2015","162","0","149.2","7","12.097855227882","4.08793278180681","8.2","137","10","2"
"Joaquin Benoit","RP","39","1","7500000","2016","171","0","167.2","14","6.57894736842105","2.89742679883702","9.6","179","13","0"
"Jake Diekman","RP","33","2","7500000","2019","158","0","126","3","17.8571428571429","5.73192239858906","11.6","163","2","0"
"Bartolo Colon","SP","42","1","7250000","2015","94","92","587.1",NA,"3.10849940384943","1.03137225514635","6.2","404","47","2"
"Javier Vazquez","SP","33","1","7000000","2010","96","91","585",NA,"3.56410256410256","1.05193951347798","8.6","559","37","0"
"Brett Myers","SP","31","1","7000000","2012","137","66","505","19","3.68316831683168","1.25673953533967","6.8","381","24","0"
"Eric O'Flaherty","RP","28","2","7000000","2013","161","0","149",NA,"4.86577181208054","3.67100581054907","7.5","124","8","0"
"Matt Thornton","RP","36","2","7000000","2013","196","0","168","6","10.3571428571429","3.95053854875283","7.8","146","6","1"
"Doug Fister","SP","32","1","7000000","2015","83","72","475.2","1","3.52483164983165","1.31523569023569","6.1","320","35","0"
"Oliver Perez","RP","34","2","7000000","2015","199","0","152.2","2","11.6294349540079","4.40322488737242","11.8","201","8","0"
"Brian Duensing","RP","34","2","7000000","2017","137","0","124.1","1","13.9806607574537","5.16206615106608","6.9","95","6","0"
"Derek Holland","SP","32","1","7000000","2018","87","76","413.2",NA,"5.79622458857696","1.76590237552819","7.4","340","21","0"
"Trevor Rosenthal","RP","28","1","7000000","2018","95","0","88","25","22.1022727272727","8.65185950413223","13.5","132","5","1"
"Homer Bailey","SP","33","1","7000000","2019","69","69","360.2",NA,"7.62076624097724","2.09258167080353","7.3","291","20","0"
"Jason Grilli","RP","35","2","6750000","2012","92","0","91.1","3","15.1481888035126","6.38615000704886","12.5","127","3","1"
"Jerry Blevins","RP","33","1","6500000","2016","144","0","104.1","2","18.2516810758886","5.62896276671825","10.5","122","7","0"
"Joe Saunders","SP","29","1","6000000","2011","97","97","601.1",NA,"3.52686740974879","1.16101681382059","4.8","323","37","1"
"Scott Feldman","SP","29","1","6000000","2012","69","45","297",NA,"8.67003367003367","2.44872972145699","5.8","193","15","0"
"Joel Peralta","RP","35","2","6000000","2012","186","0","183.2","8","8.02401746724891","2.48791499017944","9.5","194","6","0"
"Jason Hammel","SP","30","1","6000000","2013","78","70","427.2","2","5.22003745318352","1.62191923017576","6.4","303","22","0"
"Chad Qualls","RP","34","2","6000000","2013","203","0","188.2",NA,"9.88310308182784","3.4726888549839","5.7","119","13","0"
"Rich Hill","SP","35","1","6000000","2015","83","4","73",NA,"28.6986301369863","9.28879714768249","11.8","96","3","0"
"Colby Lewis","SP","36","1","6000000","2015","62","62","375",NA,"6.53333333333333","1.82044444444444","6.6","275","27","0"
"Chad Qualls","RP","37","2","6000000","2015","184","0","162.2","23","10.4192355117139","3.61095358062157","7.6","138","9","0"
"Derek Holland","SP","30","1","6000000","2016","38","35","203",NA,"10.5911330049261","3.22745031425174","5.9","133","13","0"
"Tyson Ross","SP","29","1","6000000","2016","65","65","397",NA,"3.96725440806045","1.59572105653865","9.3","412","23","1"
"Koji Uehara","RP","41","1","6000000","2016","157","0","151.2","58","9.02777777777778","3.08379524649366","11.3","190","10","1"
"Mike Fiers","SP","32","1","6000000","2017","91","88","502.1",NA,"4.41147181836288","1.33674773876427","8.2","460","26","0"
"Steve Cishek","RP","33","1","6000000","2019","199","0","179","12","6.73184357541899","2.96495115633095","8.8","176","11","0"
"Martin Perez","SP","28","1","6000000","2019","86","76","435.2",NA,"5.98575367647059","1.81363115673659","6.2","302","25","0"
"Jesse Chavez","RP","33","1","5750000","2016","124","47","370","1","5.32432432432432","1.79693206720234","8.1","335","17","0"
"Tyson Ross","SP","31","1","5750000","2018","44","34","204.2",NA,"12.7081292850147","3.52537937398855","7.2","163","11","1"
"Tom Gorzelanny","RP","29","2","5700000","2012","104","39","313.1","2","6.05237943149154","2.21357172446724","7.9","276","15","0"
"Jose Contreras","RP","38","2","5500000","2010","115","43","309.1","4","7.24684568100938","2.23983364106624","6.8","233","19","0"
"Scott Baker","SP","30","1","5500000","2012","52","50","305",NA,"6.39344262295082","2.08008599838753","8","271","20","0"
"Manny Parra","RP","30","2","5500000","2013","119","0","104.2",NA,"20.6333973128599","6.99967948836027","10.1","117","4","0"
"Kyle Kendrick","SP","29","1","5500000","2014","99","87","540.1",NA,"4.10109239029809","1.24782312285494","5.8","347","31","0"
"Boone Logan","RP","32","1","5500000","2016","161","0","106.2","1","21.8455743879473","6.47252634229557","11.2","133","4","0"
"Neftali Feliz","RP","28","1","5350000","2016","140","0","133.1","25","15.7400450788881","4.71335731594904","8.2","121","9","1"
"Jon Garland","SP","30","1","5000000","2010","98","98","600.2",NA,"3.43218927024325","1.17282909473361","5","335","39","0"
"Ryan Vogelsong","SP","35","1","5000000","2013","80","78","473",NA,"3.83720930232558","1.38560490593531","6.9","364","31","1"
"Edinson Volquez","SP","29","1","5000000","2013","85","84","462.2",NA,"5.49545651233232","1.65239861808921","8.2","420","25","1"
"Chris Capuano","RP","35","1","5000000","2014","97","65","401.1",NA,"4.9987534280728","1.63474653130717","7.3","327","19","0"
"Aaron Harang","SP","35","1","5000000","2014","90","90","527.1",NA,"3.87023335230507","1.31553179463984","6.9","405","27","0"
"Casey Janssen","RP","32","1","5000000","2014","168","0","162","81","9.07407407407407","3.06736777930194","8.1","145","8","0"
"Matt Albers","RP","35","2","5000000","2017","151","1","149.2","2","10.4892761394102","3.99808810528359","7.3","121","11","0"
"David Hernandez","RP","32","2","5000000","2017","174","0","161.1","3","11.4214773432651","4.04574231858025","9.2","165","7","0"
"Brett Anderson","SP","32","1","5000000","2019","61","61","312.1",NA,"7.16116629285485","2.19184753857575","5","175","21","0"
"Gio Gonzalez","SP","34","1","5000000","2019","83","81","459.1",NA,"3.84447832716184","1.41621682606974","8.1","414","28","2"
"Sergio Romo","RP","36","1","5000000","2019","193","5","183.1","45","10.1856908793009","3.17667597994488","9.5","194","8","1"
"Adam Wainwright","SP","38","1","5000000","2019","63","62","335.1",NA,"6.77409728439272","2.17735883434627","7.8","289","28","3"
"Matt Capps","RP","27","1","4750000","2011","200","0","193","84","10.3886010362694","3.50344975704046","6.5","139","13","1"
"Paul Maholm","RP","28","1","4750000","2011","89","89","542.1",NA,"4.08596199963106","1.32880796805661","5.3","318","23","0"
"Miguel Gonzalez","SP","33","1","4750000","2017","77","76","435.2",NA,"5.10110294117647","1.56019798199611","6.3","304","22","0"
"Erik Bedard","SP","31","1","4500000","2011","39","39","212.1",NA,"7.8029231494578","2.9453339352929","9.1","215","10","0"
"Francisco Cordero","RP","35","1","4500000","2011","211","0","209","116","6.79425837320574","3.01046221469289","6.8","159","13","1"
"John Axford","RP","29","1","4500000","2013","224","0","208","81","8.41346153846154","3.2706176035503","10.6","244","14","0"
"Roberto Hernandez","SP","32","1","4500000","2013","67","59","354","1","7.33050847457627","1.94308787385489","5.7","224","13","0"
"Ryan Webb","RP","27","2","4500000","2013","184","0","191.1",NA,"8.7388801674516","3.51869605065389","6.1","129","8","0"
"Jason Motte","RP","31","1","4500000","2014","96","0","97","42","16.7525773195876","5.52662344563716","9.6","103","5","0"
"Jared Hughes","RP","32","2","4500000","2017","210","0","186","2","7.41935483870968","3.55532431494971","5.7","118","9","0"
"Fernando Rodney","RP","40","1","4500000","2017","196","0","183.1","80","11.2506826870563","3.65392307552346","9.7","197","14","3"
"Craig Stammen","RP","33","2","4500000","2017","65","0","84.1",NA,"17.7764565992866","7.14001931339878","8.2","77","2","0"
"Wade Miley","SP","32","1","4500000","2018","78","78","404",NA,"6.06435643564356","1.85643564356436","7.3","329","22","1"
"Koji Uehara","RP","36","1","4250000","2012","145","0","145","14","8.13793103448276","2.68727705112961","11.4","183","3","1"
"Bruce Chen","SP","35","1","4250000","2013","93","74","467.2",NA,"4.47345890410959","1.39044247865453","6.1","315","32","0"
"Trevor Cahill","SP","27","1","4250000","2015","84","45","300.2","1","7.9780146568954","2.4744773748436","7.3","243","12","1"
"Frank Francisco","RP","30","1","4000000","2010","165","0","165.1","32","10.7207752877044","3.57693023078354","10.9","200","11","0"
"Aaron Harang","SP","31","1","4000000","2010","78","75","458.1",NA,"5.14079895219384","1.57489237480952","7.4","377","18","0"
"Will Ohman","RP","32","2","4000000","2010","172","0","113","2","16.5486725663717","6.10854413031561","8.2","103","5","0"
"Jonathan Broxton","RP","26","1","4000000","2011","151","0","151","65","11.4569536423841","4.14455506337441","11.7","197","13","2"
"Freddy Garcia","SP","34","1","4000000","2011","63","62","359.2",NA,"5.8184855233853","1.86398504967733","5.6","222","27","0"
"Darren Oliver","RP","40","1","4000000","2011","188","1","185.2","3","6.80345572354212","3.04673250330038","8.4","174","11","0"
"Chien-Ming Wang","RP","30","1","4000000","2011","23","20","104.1",NA,"30.2593659942363","7.61294144679108","4.7","54","5","0"
"Mike Pelfrey","SP","28","1","4000000","2012","71","69","417.1","1","4.91488851594342","1.70716724565694","5","231","22","0"
"Gavin Floyd","RP","30","1","4000000","2013","65","64","386",NA,"5.67357512953368","1.65440682971355","7.5","320","24","0"
"Jose Veras","RP","32","1","4000000","2013","218","0","200.2","23","8.74125874125874","3.19360958721598","9.8","218","7","0"
"Gavin Floyd","RP","31","1","4000000","2014","43","43","246.2",NA,"8.14378554021121","2.77161679626175","7.8","214","14","0"
"Colby Lewis","SP","34","1","4000000","2014","45","45","275.1",NA,"8.19701926572156","2.45771637715164","7.4","226","16","0"
"Ryan Vogelsong","SP","36","1","4000000","2014","82","82","478",NA,"4.30962343096234","1.38084067155687","7.1","376","26","1"
"Joe Blanton","RP","35","1","4000000","2015","64","24","208.2","2","11.6954851104707","3.44889317059171","8.1","187","9","0"
"Jerry Blevins","RP","32","1","4000000","2015","138","0","122.1",NA,"15.6838656838657","4.52764580528708","9","122","8","0"
"Joe Blanton","RP","36","1","4000000","2016","111","4","156","2","8.49358974358974","3.41058514135437","9.2","159","14","0"
"Doug Fister","SP","34","1","4000000","2017","75","62","373.2","1","6.13612004287245","1.88830645763473","6.3","261","22","0"
"Francisco Liriano","RP","34","1","4000000","2017","100","78","446.2",NA,"4.87449574181981","1.56960686596773","9.2","458","26","0"
"Marco Estrada","SP","35","1","4000000","2018","90","90","505.2",NA,"4.6021377672209","1.29100741050008","7.9","444","26","1"
"Drew Smyly","SP","30","1","4000000","2019","25","21","114","1","27.3684210526316","6.9636811326562","9.5","120","4","0"
"Alex Wood","SP","29","1","4000000","2019","67","59","339.2",NA,"5.11497641509434","1.71220018244927","8.4","316","26","1"
"Arthur Rhodes","RP","40","1","3900000","2010","196","0","143.2","2","8.10055865921788","3.82810305546019","8.6","138","9","1"
"Scott Downs","RP","36","1","3750000","2013","185","0","142.2","10","7.9817158931083","4.40139974402646","6.6","104","11","0"
"Octavio Dotel","RP","36","1","3500000","2010","202","0","193.1","23","9.63231486276541","3.41936637934156","11.3","242","10","0"
"Jason Frasor","RP","32","1","3500000","2010","179","0","168.2","15","10.166468489893","3.79976275341767","8.7","163","11","0"
"Jon Rauch","RP","31","1","3500000","2010","208","0","199.1","41","9.19136112506278","3.19115578112556","7.3","161","14","0"
"Octavio Dotel","RP","37","1","3500000","2011","195","0","180.1","25","10.105496946141","3.49919734270646","10.6","212","11","0"
"Jon Rauch","RP","32","1","3500000","2011","187","0","179.2","34","10.6305803571429","3.70570591517857","6.6","131","15","0"
"Ryan Madson","RP","31","1","3500000","2012","117","0","113.2","37","10.821554770318","4.87738640762152","10","126","10","0"
"Matt Belisle","RP","33","1","3500000","2014","218","1","217.2","3","9.80662983425414","3.10540310464","7.2","174","12","0"
"Brett Anderson","SP","29","1","3500000","2016","43","42","235",NA,"8.38297872340426","2.95156179266636","5.7","150","12","0"
"Martin Perez","SP","27","1","3500000","2018","87","80","469",NA,"5.21321961620469","1.62983437973095","5.2","270","25","0"
"Matt Shoemaker","SP","32","1","3500000","2018","48","48","268.2",NA,"7.81133482475764","2.33556379675924","8.2","245","17","0"
"Kyle Farnsworth","RP","33","1","3250000","2010","162","0","162.1","1","12.4922887106724","4.24334983355793","9.1","164","6","0"
"Roberto Hernandez","SP","31","1","3250000","2012","68","68","413.1",NA,"5.53134834180586","1.64076975306591","5.1","235","20","0"
"Jesse Crain","RP","31","1","3250000","2013","156","0","150","1","7","3.88888888888889","10.6","176","12","1"
"Francisco Rodriguez","RP","31","1","3250000","2013","199","0","190.1","36","8.70594423987375","3.3897826692726","9.7","205","11","4"
"Greg Holland","RP","33","1","3250000","2018","117","0","103.2","44","19.7674418604651","6.61956913647016","10.2","117","5","3"
"Jeff Locke","SP","29","1","3025000","2016","81","70","427",NA,"5.37470725995316","1.64811960796143","6.1","291","24","1"
"Brad Penny","SP","31","1","3000000","2010","58","56","323.2",NA,"7.75061881188119","2.24012964415253","5.4","195","20","0"
"Koji Uehara","RP","34","1","3000000","2010","55","12","110.2","13","16.2431941923775","5.18772994818858","8.4","103","3","0"
"Brandon Webb","SP","30","1","3000000","2010","35","35","230.2",NA,"7.53692441355343","2.63247083901658","7.2","185","22","1"
"Dan Wheeler","RP","32","1","3000000","2010","203","0","172.1","18","9.41313190005811","2.83607391483878","7.5","144","11","0"
"LaTroy Hawkins","RP","38","1","3000000","2011","135","0","127.2","11","11.9103773584906","5.06803528341442","6.4","91","4","0"
"Jason Marquis","SP","32","1","3000000","2011","69","69","406.2",NA,"5.58838010832102","1.80304735002343","4.9","222","25","1"
"Kerry Wood","RP","33","1","3000000","2011","160","0","152","29","11.875","4.45810249307479","10","169","9","1"
"Bartolo Colon","SP","38","1","3000000","2012","53","50","316.2",NA,"5.88235294117647","1.98034774906474","6.4","226","18","1"
"Jason Marquis","SP","33","1","3000000","2012","58","58","318.1",NA,"8.09493869852248","2.39653846948258","5.6","198","18","1"
"Ronald Belisario","RP","30","1","3000000","2013","145","0","139","2","11.6546762589928","4.55462967755292","7.6","118","13","0"
"Neal Cotts","RP","33","1","3000000","2014","131","0","123.2","3","11.525974025974","4.71069109461967","9.3","128","10","0"
"Mat Latos","SP","28","1","3000000","2015","72","69","430",NA,"4.25581395348837","1.41968631692807","7.6","361","23","0"
"Yusmeiro Petit","RP","31","1","3000000","2015","89","20","241","1","7.59336099585062","2.28990547683408","8.9","239","10","0"
"J.P. Howell","RP","33","1","3000000","2016","197","0","143.2","1","9.39245810055866","4.58397053774851","8.2","131","10","0"
"Sergio Romo","RP","33","1","3000000","2016","174","0","146","29","10.9931506849315","3.49502720960781","10","163","7","1"
"Fernando Salas","RP","31","1","3000000","2016","204","0","196","6","9.8469387755102","2.85037484381508","9.1","199","13","0"
"Joe Smith","RP","32","1","3000000","2016","200","0","192","26","7.44791666666667","2.82118055555556","7.7","165","14","0"
"Drew Storen","SP","29","1","3000000","2016","180","0","163","43","9.8159509202454","3.48150099740299","8.9","161","8","0"
"Jered Weaver","SP","34","1","3000000","2016","91","91","550.1",NA,"3.97200508998364","1.17973625525474","5.9","362","37","3"
"Bud Norris","RP","32","1","3000000","2017","132","33","258","19","10.484496124031","2.84688420167057","8.6","247","11","0"
"Chris Tillman","SP","29","1","3000000","2017","85","80","438",NA,"5.84474885844749","1.66020308167052","6.6","323","28","1"
"Brad Brach","RP","32","1","3000000","2018","207","0","209.2","32","6.88336520076482","2.95900983076749","9.5","222","16","1"
"Clay Buchholz","SP","34","1","3000000","2018","55","39","245",NA,"7.93877551020408","2.54893794252395","6.6","179","15","2"
"Rich Hill","SP","39","1","3000000","2019","62","61","327",NA,"5.04587155963303","1.6973879864209","10.7","388","27","0"
"Brandon Kintzler","RP","35","1","3000000","2019","204","0","189","32","9.07407407407407","3.20539738529156","6.2","130","10","1"
"Hector Rondon","RP","31","1","3000000","2019","186","1","177","15","10.4802259887006","3.57496249481311","9.4","184","9","0"
"Michael Wacha","SP","28","1","3000000","2019","74","69","376.2",NA,"5.48910154173312","1.85831000906968","8","333","26","1"
"J.P. Howell","RP","28","1","2850000","2012","101","0","81","1","26.0493827160494","8.30666057003505","7.6","68","3","0"
"Fernando Rodney","RP","39","1","2750000","2016","204","0","194.1","89","9.42812982998455","3.55675317274327","9.6","208","10","3"
"Seunghwan Oh","RP","35","1","2750000","2017","138","0","139","39","10.2517985611511","4.03705812328554","10.2","157","7","0"
"Jake Diekman","RP","32","1","2750000","2018","148","0","117","7","16.7521367521367","5.6980056980057","10.6","138","5","0"
"Shawn Kelley","RP","34","1","2750000","2018","154","0","133","11","13.7218045112782","3.84419695856182","10.5","155","8","0"
"Tyler Clippard","RP","35","1","2750000","2019","193","4","191","12","9.86910994764398","2.89191634001261","10.4","221","7","2"
"Darren O'Day","RP","37","1","2750000","2019","92","0","85.2","4","19.7183098591549","6.19916683197778","11.5","109","2","1"
"Junior Guerra","RP","35","1","2550000","2019","124","40","295","3","7.08474576271186","2.26946279804654","8.5","280","16","0"
"D.J. Carrasco","RP","32","2","2500000","2010","143","1","210.1",NA,"8.9719181342218","3.14892774479459","6.7","157","9","0"
"Randy Choate","RP","34","2","2500000","2010","146","0","81","5","24.0123456790123","7.39216582837982","7.6","68","5","0"
"Jeff Karstens","SP","29","1","2500000","2012","75","60","375.2",NA,"5.35714285714286","1.67998531557867","5.6","234","17","0"
"John Lannan","SP","27","1","2500000","2012","64","64","360.2",NA,"5.71904497501388","2.08102044610296","4.8","194","22","0"
"Joba Chamberlain","RP","27","1","2500000","2013","94","0","91.1","1","22.7222832052689","8.13330425426035","8.3","84","5","0"
"LaTroy Hawkins","RP","40","1","2500000","2013","172","0","161","14","9.19254658385093","3.85787585355503","5.9","106","8","0"
"Brandon Morrow","RP","29","1","2500000","2014","44","37","212.1",NA,"9.5945308816596","3.05647861209641","7.6","180","13","0"
"Bud Norris","RP","30","1","2500000","2015","98","69","425",NA,"5.25882352941176","1.64705882352941","7.6","357","28","0"
"Boone Logan","RP","33","1","2500000","2017","164","0","102.2","1","20.1565557729941","6.36678015173042","11.3","129","3","0"
"Sergio Romo","RP","34","1","2500000","2017","165","0","143.2","6","10.9287709497207","3.77933741144159","10.2","163","4","1"
"Anibal Sanchez","SP","33","1","2500000","2017","88","68","415.2",NA,"6.82803468208092","1.71992697532308","8.2","377","20","0"
"Matt Moore","RP","29","1","2500000","2018","104","76","474.2",NA,"5.48291859974694","1.53869661901214","7.8","412","22","1"
"Oliver Perez","RP","37","1","2500000","2018","165","0","105.1","1","17.8877259752617","5.70341688989961","10.9","128","3","0"
"David Phelps","RP","32","1","2500000","2018","118","5","142.1","4","9.5707248416608","4.35807315719124","11.1","176","11","0"
"Adam Warren","RP","31","1","2500000","2018","151","1","174.1","1","9.93681792073521","3.39812759870159","8.2","158","13","0"
"Matt Albers","RP","30","1","2450000","2013","175","0","188",NA,"9.17553191489362","3.42349479402445","7","147","10","0"
"Scott Feldman","SP","34","1","2300000","2016","87","52","365.2",NA,"5.25739320920044","1.81073792331529","5.5","224","20","0"
"Chris Capuano","RP","34","1","2250000","2013","90","84","490",NA,"4.23469387755102","1.33694294044148","7.5","411","27","0"
"Phil Coke","RP","31","1","2250000","2014","177","0","150.1","3","14.3570952698201","5.37061457140942","7.3","122","7","0"
"Matt Albers","RP","33","1","2250000","2015","94","0","110.1",NA,"10.3542234332425","5.48588889136373","5.8","71","5","0"
"Mike Gonzalez","RP","33","1","2225000","2012","132","0","113.2","2","17.1378091872791","5.8918827804068","9.6","121","3","0"
"Tim Stauffer","RP","31","1","2200000","2014","88","5","139",NA,"13.273381294964","4.63226541069303","8.8","136","9","0"
"Brad Boxberger","RP","30","1","2200000","2018","117","0","107","32","19.6728971962617","6.59446239846275","11.2","133","11","1"
"Zach Duke","RP","34","1","2150000","2017","179","0","140","3","10.7857142857143","4.46428571428571","9.4","146","6","1"
"Jerome Williams","RP","31","1","2100000","2013","79","46","351","1","6.35327635327635","1.90745204990219","6","233","19","0"
"Brad Brach","RP","33","2","2100000","2019","194","0","185","30","10.7837837837838","3.87143900657414","9.2","190","11","1"
"Matt Belisle","RP","36","1","2050000","2016","140","1","144.1",NA,"11.6932685634976","4.62320628024046","6.2","100","5","0"
"Jordan Lyles","SP","28","1","2050000","2018","113","18","216","1","13.3101851851852","3.49365569272977","7.1","171","8","0"
"Bruce Chen","SP","32","1","2000000","2010","50","32","202.2","1","11.5232443125618","3.57100578111593","6.4","143","13","0"
"Jeff Francis","RP","29","1","2000000","2010","44","43","248",NA,"10.1008064516129","2.88599115504683","5.8","161","8","0"
"Aaron Heilman","RP","31","1","2000000","2010","218","0","220.1","10","10.4952294411631","3.33374549299284","8.2","200","12","0"
"Vicente Padilla","RP","32","1","2000000","2010","71","70","413.2",NA,"5.42110358180058","1.64876125609017","6.7","308","32","0"
"Fernando Rodney","RP","33","1","2000000","2011","184","0","175.2","54","12.4143835616438","4.39810471007694","7.2","140","9","1"
"Luis Mendoza","SP","29","2","2000000","2013","54","42","274.2",NA,"8.13274981765135","2.66008243063436","5.4","165","12","0"
"Craig Breslow","RP","33","1","2000000","2014","184","0","177.1","1","9.59909655561829","3.85787585355503","6.6","131","10","0"
"Tommy Hunter","RP","29","1","2000000","2015","186","0","207.1","16","7.87059391598262","2.6462792032065","6.9","160","13","0"
"Fernando Rodney","RP","38","1","2000000","2015","205","0","195.2","101","9.29815573770492","3.49053513840366","9.9","216","13","3"
"Ryan Vogelsong","SP","38","1","2000000","2015","84","73","423.1",NA,"5.47151973528717","1.66467789795424","6.9","326","21","1"
"Brian Duensing","RP","33","1","2000000","2016","131","0","116.1","1","16.322136089578","5.74959511722126","5.2","67","8","0"
"Yovani Gallardo","SP","31","1","2000000","2017","84","78","433","1","5.3810623556582","1.72276773570716","6.2","300","24","1"
"Tom Koehler","RP","31","1","2000000","2017","92","77","436.2",NA,"5.29573590096286","1.66604965017162","7.1","346","21","0"
"Zach Duke","RP","35","1","2000000","2018","180","0","131.1","2","12.5476735316552","5.06190358993694","9","131","8","1"
"Shelby Miller","RP","28","1","2000000","2018","29","28","139",NA,"22.841726618705","6.02970860721495","7.1","109","5","1"
"Taijuan Walker","SP","27","1","2000000","2019","32","32","171.1",NA,"10.1402688486265","3.92823826028917","8.2","156","9","0"
"Jose Veras","RP","31","1","1850000","2012","199","0","186","2","10.0268817204301","3.6131344664123","10.3","212","10","0"
"Pedro Strop","RP","34","1","1825000","2019","179","0","161.2","23","9.83250620347395","3.52120264271069","9.5","171","13","0"
"Jamey Wright","RP","38","1","1800000","2013","192","1","206","1","8.05825242718447","3.2755207842398","7.3","167","9","0"
"Jason Frasor","RP","36","1","1800000","2014","172","0","140",NA,"11.0357142857143","4.54081632653061","9.5","147","9","0"
"Blake Parker","RP","33","1","1800000","2018","155","0","151.2","23","10.218253968254","3.58682567677277","10.1","171","6","0"
"T.J. McFarland","RP","30","1","1800000","2019","141","1","182","1","10.6043956043956","3.90955198647506","5.2","106","6","0"
"Tyler Anderson","SP","30","1","1775000","2019","54","52","282.2",NA,"9.14245216158753","2.3983874799653","8.5","268","13","0"
"Hideki Okajima","RP","34","1","1750000","2010","188","0","169","1","10.0887573964497","3.99145688176184","7.8","146","13","0"
"Takashi Saito","RP","40","1","1750000","2010","157","0","156.2","21","8.29065300896287","3.87319845039273","10.4","181","9","0"
"Takashi Saito","RP","41","1","1750000","2011","142","0","136.1","3","9.22116091109478","4.39988533304973","9.5","144","9","0"
"Jason Frasor","RP","35","1","1750000","2013","175","0","152.2",NA,"11.2352168199737","4.40322488737242","9.3","158","8","0"
"Trevor Cahill","SP","28","1","1750000","2016","108","21","219.2","1","10.7436131386861","3.35077121849859","8.5","207","8","1"
"Jhoulys Chacin","RP","29","1","1750000","2016","50","37","234",NA,"10.2777777777778","3.04076265614727","7","182","9","0"
"Dustin McGowan","RP","34","1","1750000","2016","122","9","172.1","2","11.6792562463684","4.11905973345632","7.6","145","7","0"
"Clayton Richard","SP","33","1","1750000","2016","59","12","110","1","16","6.8595041322314","5.2","63","7","0"
"Alex Claudio","RP","28","1","1750000","2019","219","2","213","12","8.42723004694836","2.98662082038396","6","141","10","0"
"Jim Johnson","RP","30","1","1600000","2014","199","0","192.1","103","10.2290473711609","3.57700215243395","6.5","139","10","1"
"Yoshihisa Hirano","RP","35","1","1600000","2019","137","0","119.1","4","14.5675902602855","5.11110124139837","9.1","120","9","0"
"Wily Peralta","RP","28","1","1525000","2017","62","51","293.2",NA,"9.19167803547067","2.71618253863377","6.3","205","17","0"
"Chris Capuano","RP","31","1","1500000","2010","24","9","66",NA,"29.9242424242424","9.87144168962351","7.4","54","4","0"
"Chad Qualls","RP","31","1","1500000","2010","198","0","184.2","45","12.1606948968513","3.61041260679453","8","165","9","0"
"Kerry Wood","RP","32","1","1500000","2010","170","0","167.1","62","10.622381807301","3.79623392106913","10.5","196","11","1"
"Jeff Francis","RP","31","1","1500000","2012","75","74","400.1",NA,"6.34841289677581","1.78660658504457","5.3","234","16","0"
"Jason Frasor","RP","34","1","1500000","2012","183","0","167.1","4","11.2507480550569","4.22599625175621","9.4","175","7","0"
"Jair Jurrjens","SP","26","1","1500000","2012","54","53","316.2",NA,"6.60974067046173","2.1903846315413","5.5","195","23","1"
"Oliver Perez","RP","30","1","1500000","2012","50","7","76",NA,"32.6973684210526","11.5131578947368","7.2","61","1","0"
"Paul Maholm","RP","30","1","1500000","2013","84","83","504.1",NA,"3.85836143622297","1.29271259150467","6.1","342","29","0"
"Juan Carlos Oviedo","RP","30","1","1500000","2013","68","0","64.1","36","31.6692667706708","9.61348906374352","7.7","55","1","0"
"Alexi Ogando","RP","30","1","1500000","2014","108","19","195.1","4","9.32854946181445","3.17885582732876","7.4","160","11","1"
"Carlos Villanueva","RP","32","1","1500000","2015","124","20","267.1","4","7.43167353051292","2.3548405499618","7.7","230","16","0"
"Tony Barnette","RP","34","1","1500000","2017","103","0","117.2","2","15.9982935153584","5.67857517268693","8.1","106","9","0"
"Jesse Chavez","RP","34","1","1500000","2017","130","47","362","1","6.45027624309392","1.88486309941699","7.9","318","16","0"
"Brett Anderson","SP","31","1","1500000","2018","34","33","147",NA,"19.5918367346939","5.2293026053959","5.5","90","9","0"
"Drew Pomeranz","SP","30","1","1500000","2018","89","73","418.1",NA,"4.55632623774217","1.62178294182959","9.2","426","30","1"
"Ivan Nova","SP","33","1","1500000","2019","94","94","535",NA,"4.07476635514019","1.25251113634379","6","359","31","0"
"Wesley Wright","RP","28","1","1425000","2013","168","0","118","1","13.8983050847458","5.24274633725941","9.2","120","2","0"
"Cory Gearrin","RP","32","1","1400000","2018","186","0","173.2","4","9.26674364896074","3.65021414589656","8.4","162","9","0"
"Aaron Loup","RP","31","1","1400000","2018","150","0","111.2",NA,"18.839928057554","6.83356192743647","9.9","123","2","0"
"Todd Coffey","RP","29","1","1350000","2010","173","0","172.2","2","11.0627177700348","3.77704125473311","7.1","136","7","0"
"J.C. Romero","RP","33","1","1350000","2010","162","0","112.1","4","13.5593220338983","6.52533221500811","7.4","92","5","0"
"Todd Coffey","RP","30","1","1300000","2011","216","0","205.2","2","8.96686159844055","3.08736971299811","7.3","167","11","0"
"Jeremy Hellickson","SP","31","1","1300000","2018","81","81","444.1",NA,"4.82999324476469","1.32589809568076","6.4","315","25","0"
"Hunter Strickland","RP","30","1","1300000","2018","189","0","167.2","18","9.47966507177034","3.95266248483322","8.2","152","10","0"
"Carlos Marmol","RP","30","1","1250000","2013","188","0","178.1","56","11.0612015721505","4.20875288189231","11.6","230","7","1"
"Tommy Milone","RP","22","1","1250000","2016","65","56","316","1","6.97784810126582","2.17813651658388","6.1","215","18","0"
"Trevor Cahill","SP","29","1","1250000","2017","97","18","193",NA,"11.1139896373057","3.75849016080969","8.8","189","9","1"
"Sergio Romo","RP","35","1","1250000","2018","168","5","153.2","29","11.8472584856397","3.81333978689609","9.8","167","7","1"
"Tony Sipp","RP","35","1","1250000","2018","160","0","119.2","1","17.6593959731544","5.70075672267015","9.1","121","4","0"
"George Sherrill","RP","32","1","1200000","2010","194","0","158.2","52","12.1997471554994","4.53505860014928","8.2","144","6","1"
"Chad Qualls","RP","32","1","1150000","2011","198","0","185.1","36","12.8579146407347","3.77969652101555","6.7","137","11","0"
"Shawn Tolleson","RP","29","1","1150000","2016","174","0","180.1","46","10.6607440310938","3.54544224150874","8.7","174","11","0"
"J.P. Howell","RP","26","1","1100000","2010","133","0","156","20","7.94871794871795","3.71877054569362","9.9","171","13","0"
"Chris Young","SP","30","1","1100000","2010","36","36","198.1",NA,"10.4240282685512","3.3508640005341","7.2","158","13","1"
"George Sherrill","RP","33","1","1100000","2011","188","0","141.1","21","11.7292700212615","4.82188896495642","7.9","124","6","1"
"Mitchell Boggs","RP","29","1","1100000","2013","156","0","157.1","6","11.457670273711","4.23412739091449","7","122","6","0"
"Kyuji Fujikawa","RP","33","1","1100000","2014","27","0","25","2","100.8","29.6","11.2","31","1","0"
"Casey Fien","RP","33","1","1100000","2016","174","0","166","1","12.5602409638554","3.59268398896792","6.9","127","10","0"
"Jeremy Accardo","RP","28","1","1080000","2010","47","0","43.2","5","52.4305555555556","19.8259602194787","5.4","26",NA,"0"
"Brad Lidge","RP","34","1","1000000","2011","142","0","123.2","59","19.1964285714286","6.29190209141508","9.9","136","1","1"
"Mike MacDougal","RP","33","1","1000000","2011","143","0","130","21","14.3846153846154","6.15384615384615","6.2","89","5","0"
"Guillermo Mota","RP","37","1","1000000","2011","169","0","199.2","2","9.61345381526104","3.13755020080321","6.9","154","6","0"
"Micah Owings","RP","28","1","1000000","2011","81","23","216","1","11.1805555555556","3.45078875171468","6.1","147","18","0"
"Francisco Liriano","RP","28","1","1000000","2012","91","83","482.2",NA,"4.75943591870593","1.44505662471587","9","480","29","0"
"Burke Badenhop","RP","31","1","1000000","2014","199","0","195.1","2","7.43208610968734","3.13944852368418","5.7","124","5","0"
"Joba Chamberlain","RP","28","1","1000000","2014","136","0","125.2","3","16.573482428115","5.93299921403709","8.5","119","5","0"
"Tom Gorzelanny","RP","31","1","1000000","2014","111","11","178.1","1","8.7871982032566","3.67280682202587","8.5","168","7","0"
"Josh Johnson","SP","30","1","1000000","2014","47","47","272.2",NA,"8.30271858927259","2.56435034748297","8.2","248","10","2"
"Gavin Floyd","RP","33","1","1000000","2015","21","14","92",NA,"18.0978260869565","7.20699432892249","7.5","77","2","0"
"Ryan Webb","RP","30","1","1000000","2015","157","0","180.1",NA,"8.99500277623543","3.34504768003216","6.1","122","6","0"
"Andrew Bailey","SP","32","1","1000000","2016","55","0","52.1","6","51.1516314779271","13.2625506095247","8.1","47","3","2"
"Joaquin Benoit","RP","40","1","1000000","2017","170","0","163.2","5","9.77328431372549","3.47297313533256","8.9","161","10","0"
"Jordan Lyles","SP","27","1","1000000","2017","88","20","177.1","1","18.0406549971767","4.59119109844566","5.9","117","7","0"
"Joel Peralta","RP","33","1","950000","2010","106","0","126.1",NA,"17.8033306899286","4.65373389823793","7.8","109","2","0"
"Jose Mijares","RP","26","1","925000","2011","176","0","143.1",NA,"11.6352201257862","4.85896547497486","7.1","113","3","0"
"Dustin Moseley","SP","28","1","900000","2010","31","22","130.1",NA,"21.4834742505765","6.08530894168206","5.4","78","7","0"
"Bartolo Colon","SP","37","1","900000","2011","41","38","226.2",NA,"8.95225464190981","2.95115313865886","6.9","173","11","1"
"Xavier Cedeno","RP","32","1","900000","2018","111","0","77.2","1","22.5388601036269","8.55727670541491","8.9","77","6","0"
"Matt Albers","RP","27","1","875000","2010","146","3","191.2",NA,"12.0292887029289","4.00739220251746","5.8","124","11","0"
"Sean Green","RP","30","1","875000","2010","162","0","158","2","14.4303797468354","4.62666239384714","7.3","128","5","0"
"Dontrelle Willis","SP","29","1","850000","2011","35","33","175",NA,"16.3142857142857","5.02857142857143","6.2","121","4","0"
"Joel Zumaya","RP","26","1","850000","2011","59","0","69.1","2","26.2662807525326","10.2621884431004","8.3","64","5","0"
"T.J. McFarland","RP","28","1","850000","2017","89","1","119",NA,"23.1932773109244","6.88510698397006","4.7","62","8","0"
"Tommy Hunter","RP","33","1","850000","2019","131","0","128","5","12.0703125","4.241943359375","8.4","120","8","0"
"Josh Osich","RP","31","1","850000","2019","123","0","123",NA,"22.6016260162602","5.91579086522573","8.3","114","7","0"
"Nate Karns","SP","31","1","800000","2018","31","23","139.2","1","17.3491379310345","5.00602787686617","9.8","152","8","0"
"Jeremy Jeffress","RP","32","1","800000","2019","182","1","194","16","8.84020618556701","3.37442873844192","8.6","186","16","1"
"Shawn Camp","RP","35","1","750000","2011","196","0","218.1","4","8.13846859238881","3.06931544384929","5.6","136","12","0"
"Clay Hensley","SP","31","1","750000","2011","105","9","142.2","7","12.6582278481013","4.32721884946422","7.8","123","9","0"
"J.C. Romero","RP","34","1","750000","2011","117","0","78","3","22.9487179487179","10.5193951347797","6.8","59","2","0"
"Tony Barnette","RP","35","1","750000","2018","125","0","144","2","12.1527777777778","4.34027777777778","8.3","132","11","0"
"Ryan Rowland-Smith","RP","27","1","725000","2010","89","47","324","2","7.16049382716049","2.19573997866179","4.9","178","11","0"
"Justin Duchscherer","SP","32","1","700000","2010","27","27","169.2",NA,"7.68321513002364","3.1087749889621","6","113","12","1"
"Chris Young","SP","34","1","675000","2014","50","49","280",NA,"6.89285714285714","2.28316326530612","6","188","16","1"
"Alfredo Aceves","RP","27","1","650000","2010","59","5","126","2","12.7380952380952","4.25170068027211","6.2","87","14","0"
"Logan Ondrusek","RP","32","1","650000","2016","47","0","47.1",NA,"64.5435244161359","17.5801587623568","8.7","46","3","0"
"Taylor Buchholz","RP","28","1","600000","2010","72","0","78.1","1","15.4289372599232","6.47582386414869","7.5","65","7","0"
"Jesse Hahn","RP","30","1","600000","2019","20","13","74.1",NA,"39.2037786774629","10.7452270247923","7.5","62","3","0"
"Pat Venditte","RP","33","1","585000","2018","30","0","36",NA,"62.5","18.9043209876543","7","28",NA,"0"
"Yimi Garcia","RP","29","1","583500","2019","89","0","85.1",NA,"24.1480611045828","6.00661970916914","9","85","2","0"
